Start Date:,1/8/2020,Start Time:,11:00 AM
End Date:,1/8/2020,End Time:,11:52 AM

Product:,2019-A Whole Small,,,Parameters:,Moisture,Protein Dry basis,Oil Dry basis,Ash Dry basis,Starch Dry basis,Fiber Dry basis,ADF Dry basis,NDF Dry basis,Linoleic acid Dry basis,Linolenic acid Dry basis,Oleic acid Dry basis,Palmitic acid Dry basis,Stearic acid Dry basis,Alanine Dry basis,Eicosenoic acid Dry basis,Arginine Dry basis,Aspartic acid Dry basis,Available Lysine Dry basis,Behenoic acid Dry basis,Cysteine Dry basis,Glutamic acid Dry basis,Glycine Dry basis,Histidine Dry basis,Hydroxylysine Dry basis,Hydroxyproline Dry basis,Isoleucine Dry basis,Lanthionine Dry basis,Leucine Dry basis,Lysine Dry basis,Methionine Dry basis,Ornithine Dry basis,Phenylalanine Dry basis,Proline Dry basis,Raffinose Dry basis,Serine Dry basis,Stachyose Dry basis,Sucrose Dry basis,Taurine Dry basis,Threonine Dry basis,Tryptophan Dry basis,Tyrosine Dry basis,Valine Dry basis,Verbascose Dry basis
,,,,Target:,,,,,,,,,,,,,,,,,,,,,,,,,,,,,,,,,,,,,,,,,,,
Sample ID,Date,Time,Notes,,,,,,,,,,,,,,,,,,,,,,,,,,,,,,,,,,,,,,,,,,,,
2019_Cas_LP 6 Late_43_N18-1359_3_NIR-11865,1/8/2020,11:00 AM,,,6.93,43.14,21.62,5.48,0.4,5.69,14.39,17.93,59.32,8.75,13.71,12.25,4.75,1.73,0.37,3.15,4.65,2.63,0.54,0.61,7.1,1.77,1.05,0.08,0.12,1.93,0.05,3.07,2.72,0.58,0.06,2.09,2.28,0.72,2.22,3.08,6.37,0.05,1.75,0.39,0.96,4.03,1.73
2019_Cas_LP 6 Late_44_N18-1545_1_NIR-11866,1/8/2020,11:00 AM,,,6.86,43.28,21.99,5.34,0.7,5.6,14.59,18.45,59.27,9.29,13.12,12.03,4.87,1.72,0.35,3.17,4.64,2.65,0.56,0.59,7.14,1.78,1.04,0.09,0.12,1.93,0.05,3.08,2.72,0.58,0.06,2.09,2.26,0.72,2.22,2.98,6.22,0.06,1.75,0.39,0.96,4.03,1.66
2019_Cas_LP 6 Late_44_N18-1545_2_NIR-11867,1/8/2020,11:01 AM,,,7.1,45.26,20.96,5.49,0.05,5.33,14.07,18.35,60,8.75,13.98,12.32,4.66,1.78,0.35,3.34,4.89,2.78,0.58,0.64,7.56,1.85,1.1,0.08,0.12,2.01,0.02,3.23,2.84,0.62,0.06,2.16,2.33,0.81,2.27,2.91,6.05,0.05,1.79,0.4,1.01,4.13,1.47
2019_Cas_LP 6 Late_44_N18-1545_3_NIR-11868,1/8/2020,11:01 AM,,,6.95,42.31,22.02,5.45,1.18,5.69,14.85,17.99,57.94,8.85,14.5,12.11,4.63,1.69,0.35,3.1,4.56,2.58,0.55,0.59,6.95,1.73,1.04,0.08,0.12,1.89,0.05,3.02,2.67,0.57,0.06,2.04,2.22,0.76,2.17,3.21,6.65,0.05,1.71,0.4,0.93,4.01,1.56
2019_Cas_LP 6 Late_45_N18-1472_1_NIR-11869,1/8/2020,11:01 AM,,,7.03,44.4,22.44,5.27,0.63,5.07,13.7,18.15,60.92,7.08,12.45,10.95,4.8,1.79,0.33,3.33,4.83,2.71,0.58,0.62,7.45,1.82,1.09,0.08,0.11,2,0.06,3.22,2.83,0.6,0.06,2.19,2.33,0.7,2.27,3.05,5.58,0.05,1.8,0.43,1.01,4.12,1.6
2019_Cas_LP 6 Late_45_N18-1472_2_NIR-11870,1/8/2020,11:01 AM,,,6.82,44.63,22.47,5.36,0.56,5.07,13.99,18.25,60.68,7.63,14.68,11.19,4.72,1.79,0.38,3.35,4.85,2.73,0.6,0.6,7.47,1.85,1.09,0.09,0.12,2.03,0.05,3.23,2.84,0.6,0.06,2.2,2.35,0.76,2.28,3.07,6.13,0.05,1.79,0.42,1.02,4.12,1.69
2019_Cas_LP 6 Late_45_N18-1472_3_NIR-11871,1/8/2020,11:02 AM,,,7.41,42.88,21.93,5.37,0.74,5.38,14.47,17.93,58.94,7.89,15.36,11.91,4.68,1.73,0.37,3.2,4.69,2.65,0.59,0.6,7.15,1.78,1.06,0.08,0.12,1.94,0.04,3.08,2.74,0.59,0.06,2.1,2.25,0.77,2.22,3.32,6.51,0.05,1.74,0.41,0.96,4.04,1.64
2019_Cas_LP 6 Late_46_N18-1521_1_NIR-11872,1/8/2020,11:02 AM,,,7.37,48.25,20.67,5.62,-0.74,4.98,14.07,17.61,57.68,7.9,16.77,10.25,4.53,1.89,0.41,3.63,5.25,2.96,0.6,0.66,8.15,1.97,1.18,0.09,0.12,2.15,0.04,3.44,3.02,0.63,0.06,2.33,2.48,0.73,2.43,2.83,5.56,0.05,1.9,0.43,1.12,4.25,1.63
2019_Cas_LP 6 Late_46_N18-1521_2_NIR-11873,1/8/2020,11:02 AM,,,7.64,50.19,19.43,5.39,-0.09,4.89,13.52,17.26,57.8,8.13,16.89,10.88,4.57,1.95,0.41,3.85,5.48,3.05,0.62,0.66,8.56,2.03,1.21,0.08,0.11,2.23,0.03,3.59,3.12,0.64,0.06,2.45,2.54,0.82,2.49,3.38,5.83,0.04,1.95,0.42,1.14,4.36,1.39
2019_Cas_LP 6 Late_46_N18-1521_3_NIR-11874,1/8/2020,11:03 AM,,,7.17,47.32,20.61,5.58,-0.18,5.28,14.36,18.06,57.36,7.85,17.24,10.29,4.7,1.86,0.42,3.54,5.16,2.9,0.6,0.66,7.96,1.94,1.15,0.09,0.12,2.11,0.02,3.37,2.98,0.63,0.06,2.27,2.42,0.79,2.4,2.92,5.84,0.05,1.86,0.4,1.08,4.21,1.54
2019_Cas_LP 6 Late_47_N18-1330_1_NIR-11875,1/8/2020,11:03 AM,,,6.57,41.74,23.93,5.5,0.09,5.34,14.77,18.32,62.67,7.51,11.37,10.84,4.41,1.69,0.31,3.01,4.52,2.6,0.55,0.6,6.8,1.74,1.03,0.09,0.12,1.87,0.07,3.01,2.69,0.57,0.06,2.05,2.24,0.63,2.2,2.92,5.4,0.06,1.72,0.42,0.94,3.97,1.63
2019_Cas_LP 6 Late_47_N18-1330_2_NIR-11876,1/8/2020,11:03 AM,,,6.81,42.01,24.51,5.43,-0.18,5.22,14.03,18.08,58.93,6.69,15.18,10.93,4.61,1.71,0.35,3.01,4.55,2.62,0.57,0.62,6.89,1.75,1.04,0.08,0.12,1.88,0.07,3.03,2.71,0.58,0.06,2.06,2.26,0.58,2.21,2.96,4.57,0.06,1.73,0.41,0.95,3.99,1.51
2019_Cas_LP 6 Late_47_N18-1330_3_NIR-11877,1/8/2020,11:03 AM,,,6.66,42.53,23.26,5.43,0.9,5.55,14.12,18.1,60.71,7.56,13.39,11,4.52,1.72,0.35,3.09,4.62,2.65,0.57,0.6,7.01,1.76,1.04,0.08,0.12,1.91,0.05,3.07,2.72,0.58,0.06,2.08,2.28,0.61,2.22,2.85,5.16,0.06,1.75,0.4,0.96,4,1.73
2019_Cas_LP 6 Late_48_Dunphy_1_NIR-11878,1/8/2020,11:04 AM,,,6.91,40.35,22.82,5.5,1.07,6.12,15.04,18.63,59,9.68,11.78,12.18,5.04,1.65,0.34,2.9,4.34,2.49,0.51,0.57,6.56,1.7,1,0.09,0.13,1.82,0.05,2.86,2.56,0.55,0.05,1.98,2.14,0.71,2.1,2.68,6.06,0.06,1.67,0.39,0.89,3.91,1.68
2019_Cas_LP 6 Late_48_Dunphy_2_NIR-11879,1/8/2020,11:04 AM,,,7.37,42.36,22.19,5.65,0.75,5.78,13.91,18.2,58.4,9.71,13.42,11.65,4.99,1.7,0.35,3.05,4.52,2.6,0.52,0.59,6.89,1.75,1.03,0.09,0.13,1.86,0.05,3.02,2.69,0.58,0.06,2.03,2.23,0.74,2.19,2.55,5.36,0.05,1.72,0.39,0.94,3.99,1.45
2019_Cas_LP 6 Late_48_Dunphy_3_NIR-11880,1/8/2020,11:04 AM,,,6.54,40.05,23.13,5.45,0.87,6.08,14.93,19.03,57.43,9.85,12.83,12.49,5.13,1.63,0.33,2.89,4.27,2.47,0.51,0.56,6.53,1.67,0.98,0.09,0.13,1.79,0.04,2.83,2.52,0.54,0.06,1.97,2.13,0.76,2.09,2.62,6.31,0.05,1.66,0.4,0.87,3.9,1.61
2019_Cas_LP 6 Late_49_Dilday_1_NIR-11881,1/8/2020,11:04 AM,,,6.74,39.75,24.24,5.44,1.54,5.61,15.37,18.59,62.91,7.66,10.44,12.13,4.43,1.63,0.28,2.86,4.31,2.43,0.52,0.57,6.46,1.65,0.97,0.08,0.12,1.8,0.05,2.89,2.55,0.54,0.05,1.96,2.15,0.76,2.11,3.35,6.23,0.05,1.67,0.41,0.88,3.9,1.8
2019_Cas_LP 6 Late_49_Dilday_2_NIR-11882,1/8/2020,11:05 AM,,,7.19,42.42,23.02,5.53,0.3,5.4,15.01,18.14,61.53,8.79,10.82,12.94,4.77,1.7,0.3,3.08,4.56,2.56,0.52,0.59,6.92,1.75,1.03,0.09,0.12,1.91,0.05,3.03,2.66,0.57,0.06,2.05,2.22,0.85,2.17,3.11,6.32,0.06,1.72,0.41,0.94,4,1.58
2019_Cas_LP 6 Late_49_Dilday_3_NIR-11883,1/8/2020,11:05 AM,,,7.11,40.52,24.02,5.51,1.03,5.73,15.03,18.33,63.7,8.88,9.17,12.17,4.59,1.64,0.29,2.87,4.36,2.46,0.5,0.57,6.58,1.69,0.98,0.08,0.12,1.82,0.06,2.88,2.57,0.56,0.05,1.96,2.14,0.78,2.1,3.17,6.25,0.05,1.66,0.39,0.88,3.93,1.77
2019_Cas_LP 6 Late_50_N11-352_1_NIR-11884,1/8/2020,11:05 AM,,,7.02,43.14,22.51,5.58,0.51,5.31,14.17,18.03,58.35,8.4,14.62,11.92,4.77,1.73,0.36,3.14,4.65,2.65,0.56,0.6,7.08,1.78,1.05,0.08,0.12,1.92,0.05,3.1,2.75,0.6,0.06,2.08,2.27,0.69,2.23,2.87,5.88,0.05,1.75,0.41,0.97,4.04,1.63
2019_Cas_LP 6 Late_50_N11-352_2_NIR-11885,1/8/2020,11:05 AM,,,6.37,41.25,23.55,5.4,-0.07,5.07,14.31,17.96,55.15,6.81,17.73,11.21,4.74,1.67,0.36,3,4.44,2.55,0.58,0.6,6.78,1.7,1.02,0.08,0.11,1.83,0.06,2.97,2.63,0.57,0.06,2.01,2.2,0.69,2.16,3.14,5.52,0.05,1.69,0.42,0.92,3.97,1.56
2019_Cas_LP 6 Late_50_N11-352_3_NIR-11886,1/8/2020,11:06 AM,,,6.2,39.85,24.38,5.43,0.26,5.39,14.67,18.66,54.85,7.69,17.72,11.83,4.77,1.62,0.36,2.82,4.26,2.45,0.58,0.57,6.44,1.67,0.99,0.08,0.12,1.77,0.07,2.84,2.54,0.56,0.05,1.95,2.16,0.67,2.09,3.16,5.42,0.05,1.64,0.42,0.88,3.89,1.74
2019_Ply_LP 6 Late_1_N18-1289_1_NIR-11887,1/8/2020,11:09 AM,,,6.57,43.77,22.27,5.81,0.71,5.88,14.69,19.01,58.25,9.2,13.19,12.03,5.11,1.75,0.37,3.15,4.72,2.65,0.53,0.62,7.26,1.83,1.05,0.08,0.13,1.92,0.02,3.08,2.73,0.6,0.06,2.1,2.25,0.71,2.24,2.83,5.45,0.04,1.76,0.39,0.97,4.03,1.68
2019_Ply_LP 6 Late_1_N18-1289_2_NIR-11888,1/8/2020,11:09 AM,,,6.87,42.09,22.97,5.74,0.13,5.99,14.69,18.71,58.66,9.5,12.31,12.08,4.78,1.7,0.34,2.98,4.53,2.59,0.51,0.6,6.92,1.75,1.02,0.08,0.13,1.87,0.04,2.98,2.66,0.58,0.05,2.02,2.2,0.59,2.17,3.01,5.47,0.05,1.72,0.38,0.93,3.99,1.57
2019_Ply_LP 6 Late_1_N18-1289_3_NIR-11889,1/8/2020,11:09 AM,,,6.75,44.77,22.09,5.66,0.42,5.63,14.72,19.03,58.39,9.45,13.2,12.08,4.94,1.79,0.36,3.27,4.82,2.73,0.53,0.62,7.46,1.86,1.08,0.09,0.13,1.96,0.02,3.17,2.78,0.6,0.06,2.17,2.32,0.57,2.28,2.8,5.13,0.05,1.81,0.39,1,4.1,1.66
2019_Ply_LP 6 Late_2_N18-1415_1_NIR-11890,1/8/2020,11:10 AM,,,6.88,42.73,23.15,5.32,0.31,5.65,15.12,18.38,60.73,7.06,12.36,10.97,4.53,1.73,0.32,3.1,4.63,2.62,0.56,0.58,7.03,1.75,1.03,0.07,0.12,1.92,0.04,3.08,2.73,0.57,0.06,2.11,2.26,0.66,2.23,2.84,5.04,0.04,1.74,0.41,0.95,4.04,1.78
2019_Ply_LP 6 Late_2_N18-1415_2_NIR-11891,1/8/2020,11:10 AM,,,7.11,43.04,23.45,5.32,1.28,5.53,14.9,18.5,62.49,6.94,12.21,10.98,4.54,1.73,0.33,3.14,4.66,2.62,0.58,0.59,7.1,1.77,1.04,0.08,0.12,1.93,0.05,3.1,2.72,0.58,0.06,2.12,2.26,0.69,2.22,2.87,5.14,0.05,1.75,0.4,0.95,4.04,1.84
2019_Ply_LP 6 Late_2_N18-1415_3_NIR-11892,1/8/2020,11:10 AM,,,6.98,41.78,23.42,5.41,0.71,5.54,14.24,18.23,60.56,7.03,13.18,10.59,4.39,1.7,0.33,3.01,4.51,2.57,0.57,0.59,6.85,1.72,1.02,0.07,0.12,1.86,0.04,3,2.66,0.57,0.06,2.05,2.21,0.61,2.17,2.93,5.08,0.04,1.71,0.4,0.91,3.99,1.7
2019_Ply_LP 6 Late_3_N18-1166_1_NIR-11893,1/8/2020,11:10 AM,,,7.27,41.57,22.43,5.51,1.22,5.93,14.89,18.87,63.51,8.41,8.44,12.72,4.75,1.7,0.31,3.02,4.45,2.57,0.52,0.58,6.77,1.73,1.02,0.07,0.12,1.85,0.04,2.98,2.64,0.57,0.05,2,2.17,0.61,2.13,3.07,5.26,0.05,1.71,0.38,0.91,4,1.57
2019_Ply_LP 6 Late_3_N18-1166_2_NIR-11894,1/8/2020,11:11 AM,,,7.45,40.59,23.2,5.5,2.03,6.16,15.2,18.62,64.18,8.83,8.23,12.5,4.58,1.67,0.29,2.89,4.37,2.52,0.5,0.56,6.59,1.7,0.98,0.07,0.12,1.82,0.03,2.91,2.6,0.57,0.05,1.97,2.14,0.65,2.12,3.34,5.38,0.05,1.68,0.38,0.87,3.96,1.55
2019_Ply_LP 6 Late_3_N18-1166_3_NIR-11895,1/8/2020,11:11 AM,,,7.19,40.98,22.7,5.51,1.52,6.01,15.02,18.84,63.38,8.73,9.22,12.8,4.81,1.67,0.31,2.96,4.4,2.51,0.52,0.58,6.69,1.7,0.99,0.07,0.12,1.82,0.03,2.92,2.6,0.57,0.05,1.98,2.16,0.65,2.14,3.3,5.58,0.05,1.69,0.39,0.89,3.96,1.73
2019_Ply_LP 6 Late_4_N18-1412_1_NIR-11896,1/8/2020,11:11 AM,,,7.11,43.27,22.68,5.51,0.99,5.93,14.91,18.37,60.72,8.45,12.11,12.33,4.83,1.74,0.34,3.15,4.7,2.65,0.56,0.58,7.16,1.79,1.05,0.07,0.12,1.95,0.04,3.09,2.75,0.59,0.06,2.11,2.23,0.68,2.24,3.06,5.32,0.04,1.75,0.39,0.95,4.05,1.69
2019_Ply_LP 6 Late_4_N18-1412_2_NIR-11897,1/8/2020,11:11 AM,,,6.96,42.73,23.16,5.65,0.84,5.59,15.05,18.86,62.53,8.03,11.17,11.43,4.57,1.73,0.32,3.1,4.64,2.61,0.53,0.61,7.03,1.76,1.04,0.08,0.12,1.91,0.03,3.07,2.71,0.58,0.06,2.08,2.25,0.7,2.23,2.91,5.44,0.04,1.75,0.41,0.96,4.04,1.67
2019_Ply_LP 6 Late_4_N18-1412_3_NIR-11898,1/8/2020,11:12 AM,,,7.11,41.97,23.61,5.59,0.42,5.7,15.1,18.67,62.59,8.53,9.88,12.04,4.59,1.7,0.31,3.01,4.51,2.58,0.54,0.58,6.85,1.73,1.02,0.08,0.12,1.88,0.05,3.02,2.66,0.57,0.06,2.04,2.2,0.64,2.18,2.77,5.05,0.05,1.73,0.4,0.94,4,1.66
2019_Ply_LP 6 Late_5_N18-919_1_NIR-11899,1/8/2020,11:12 AM,,,7.43,44.48,21.95,5.64,1.34,5.74,15.02,18.29,61.44,9.3,10.23,12.18,4.84,1.77,0.34,3.19,4.78,2.71,0.54,0.59,7.33,1.83,1.06,0.08,0.12,1.94,0.02,3.15,2.79,0.6,0.06,2.12,2.27,0.8,2.28,2.74,4.73,0.04,1.78,0.39,0.98,4.08,1.67
2019_Ply_LP 6 Late_5_N18-919_2_NIR-11900,1/8/2020,11:12 AM,,,7.5,44.66,21.41,5.81,0.42,5.79,14.53,18.45,59.63,9.6,11.42,12.13,4.77,1.78,0.35,3.22,4.79,2.74,0.54,0.6,7.37,1.83,1.07,0.07,0.13,1.96,0.03,3.17,2.8,0.61,0.06,2.12,2.28,0.77,2.27,2.82,4.98,0.04,1.79,0.39,0.99,4.11,1.55
2019_Ply_LP 6 Late_5_N18-919_3_NIR-11901,1/8/2020,11:12 AM,,,7.23,46.02,21.11,5.76,0.98,5.61,14.4,18.37,62.6,9.32,10.12,11.77,4.76,1.83,0.35,3.39,4.94,2.8,0.55,0.62,7.65,1.9,1.1,0.07,0.12,2.02,0.02,3.27,2.87,0.62,0.06,2.21,2.33,0.65,2.31,3.03,5.39,0.04,1.83,0.41,1.03,4.17,1.7
2019_Ply_LP 6 Late_6_N18-1003_1_NIR-11902,1/8/2020,11:13 AM,,,6.83,45.84,21.7,5.59,-0.1,5.31,13.92,18.04,63.03,7.64,9.48,10.86,4.62,1.83,0.3,3.4,5.03,2.81,0.53,0.67,7.72,1.87,1.11,0.07,0.11,2.03,0.03,3.29,2.9,0.62,0.06,2.23,2.38,0.68,2.36,3.16,5.02,0.04,1.83,0.42,1.03,4.17,1.54
2019_Ply_LP 6 Late_6_N18-1003_2_NIR-11903,1/8/2020,11:13 AM,,,6.87,44.66,22.31,5.68,0.2,5.33,14.43,18.24,64.54,7.24,9.35,10.64,4.39,1.79,0.3,3.27,4.9,2.73,0.53,0.66,7.46,1.83,1.09,0.07,0.11,1.97,0.03,3.21,2.84,0.62,0.06,2.15,2.34,0.72,2.32,3.11,5.36,0.04,1.79,0.43,1,4.12,1.71
2019_Ply_LP 6 Late_6_N18-1003_3_NIR-11904,1/8/2020,11:13 AM,,,6.74,43.51,22.91,5.67,0.36,5.34,15.03,18.19,64.41,7.35,8.69,10.8,4.55,1.75,0.29,3.14,4.73,2.67,0.53,0.64,7.17,1.78,1.05,0.08,0.12,1.9,0.04,3.11,2.76,0.6,0.06,2.08,2.29,0.65,2.29,2.87,4.77,0.05,1.76,0.42,0.98,4.05,1.63
2019_Ply_LP 6 Late_7_N18-1010_1_NIR-11905,1/8/2020,11:13 AM,,,6.79,43.38,22.97,5.39,0.7,5.32,14.12,17.94,66.3,7.63,8.51,10.83,4.54,1.74,0.28,3.18,4.73,2.7,0.55,0.61,7.18,1.78,1.06,0.07,0.11,1.92,0.03,3.13,2.78,0.59,0.06,2.12,2.3,0.58,2.27,2.54,4.62,0.05,1.76,0.41,0.98,4.05,1.63
2019_Ply_LP 6 Late_7_N18-1010_2_NIR-11906,1/8/2020,11:14 AM,,,7.08,43.45,22.89,5.57,0.21,5.33,14.48,18.35,64.28,7.29,9.61,10.82,4.3,1.75,0.29,3.19,4.73,2.7,0.53,0.63,7.19,1.79,1.07,0.08,0.11,1.92,0.03,3.12,2.78,0.6,0.06,2.11,2.29,0.62,2.27,2.85,5.21,0.06,1.77,0.42,0.98,4.06,1.64
2019_Ply_LP 6 Late_7_N18-1010_3_NIR-11907,1/8/2020,11:14 AM,,,6.87,43.49,22.72,5.4,0.8,5.43,14.4,17.9,64.89,7.59,9.21,10.83,4.33,1.75,0.3,3.2,4.75,2.71,0.55,0.61,7.2,1.78,1.06,0.07,0.12,1.93,0.02,3.13,2.78,0.59,0.06,2.13,2.31,0.59,2.27,2.73,4.83,0.05,1.76,0.41,0.97,4.07,1.63
2019_Ply_LP 6 Late_8_N18-1465_1_NIR-11908,1/8/2020,11:14 AM,,,7.02,41.15,23.42,5.53,0.59,5.89,15.6,18.26,63.05,7.28,10.61,11.1,4.41,1.68,0.32,2.97,4.43,2.52,0.54,0.57,6.66,1.69,1.01,0.07,0.12,1.85,0.04,2.96,2.64,0.56,0.06,2.03,2.19,0.7,2.16,2.93,4.94,0.04,1.68,0.39,0.9,3.98,1.69
2019_Ply_LP 6 Late_8_N18-1465_2_NIR-11909,1/8/2020,11:14 AM,,,6.85,40.84,23.66,5.57,0.79,5.83,14.92,18.74,62.22,8.03,12.42,11.7,4.64,1.67,0.34,2.94,4.42,2.5,0.54,0.57,6.66,1.7,1,0.07,0.12,1.83,0.03,2.91,2.6,0.58,0.05,1.99,2.18,0.75,2.15,3.2,5.27,0.04,1.68,0.4,0.89,3.95,1.76
2019_Ply_LP 6 Late_8_N18-1465_3_NIR-11910,1/8/2020,11:15 AM,,,6.73,40.15,24.08,5.61,1.13,5.78,15.35,18.69,61.57,8,12.22,11.33,4.53,1.65,0.32,2.87,4.34,2.46,0.54,0.59,6.48,1.68,0.98,0.08,0.12,1.81,0.04,2.88,2.57,0.56,0.05,1.96,2.17,0.72,2.13,3.06,5.53,0.05,1.66,0.4,0.89,3.92,1.73
2019_Ply_LP 6 Late_9_N18-1523_1_NIR-11911,1/8/2020,11:15 AM,,,7.1,44,22.68,5.55,0.01,5.7,16.03,18.35,62.65,9.34,10.06,10.96,4.7,1.76,0.32,3.26,4.78,2.7,0.54,0.58,7.36,1.81,1.07,0.09,0.12,1.97,0.03,3.14,2.77,0.57,0.06,2.17,2.28,0.7,2.28,2.96,5.66,0.05,1.77,0.4,0.98,4.08,1.62
2019_Ply_LP 6 Late_9_N18-1523_2_NIR-11912,1/8/2020,11:15 AM,,,7.02,44.63,22.7,5.65,-0.02,5.42,14.89,18.48,61.54,8.52,12.18,10.54,4.42,1.78,0.33,3.3,4.87,2.74,0.55,0.61,7.47,1.84,1.09,0.09,0.12,1.99,0.04,3.19,2.81,0.59,0.06,2.18,2.33,0.71,2.31,2.85,5.63,0.05,1.79,0.41,1.01,4.11,1.72
2019_Ply_LP 6 Late_9_N18-1523_3_NIR-11913,1/8/2020,11:15 AM,,,6.92,42.95,22.83,5.66,0.13,5.63,15.26,18.4,60.65,8.47,12.34,11.38,4.5,1.73,0.32,3.14,4.66,2.63,0.54,0.61,7.1,1.78,1.05,0.08,0.12,1.93,0.04,3.07,2.73,0.58,0.06,2.09,2.26,0.73,2.24,2.99,5.89,0.05,1.74,0.41,0.96,4.05,1.67
2019_Ply_LP 6 Late_10_N18-1013_1_NIR-11914,1/8/2020,11:16 AM,,,7.21,42.64,23,5.63,0.69,5.81,15.57,18.37,66.74,9.35,5.13,11.47,4.49,1.72,0.27,3.07,4.61,2.62,0.49,0.6,7,1.76,1.04,0.08,0.12,1.91,0.04,3.06,2.69,0.56,0.06,2.08,2.25,0.63,2.23,2.91,5.19,0.06,1.75,0.4,0.96,4.02,1.75
2019_Ply_LP 6 Late_10_N18-1013_2_NIR-11915,1/8/2020,11:16 AM,,,7.22,40.7,24.49,5.63,1.37,5.79,15.04,18.46,67.76,7.96,4.48,11.06,4.5,1.65,0.25,2.85,4.39,2.53,0.49,0.6,6.58,1.69,0.99,0.08,0.12,1.81,0.04,2.91,2.6,0.57,0.05,1.96,2.16,0.59,2.15,2.99,4.73,0.06,1.68,0.41,0.9,3.92,1.83
2019_Ply_LP 6 Late_10_N18-1013_3_NIR-11916,1/8/2020,11:16 AM,,,7.34,42.7,23.36,5.73,0.55,5.85,15.25,18.59,64.09,9.56,6.86,12.36,4.77,1.73,0.29,3.08,4.61,2.61,0.5,0.59,7.05,1.77,1.04,0.08,0.12,1.9,0.05,3.05,2.7,0.58,0.05,2.06,2.23,0.64,2.22,2.89,4.8,0.06,1.75,0.39,0.96,4.02,1.68
2019_Ply_LP 6 Late_11_N18-1429_1_NIR-11917,1/8/2020,11:17 AM,,,7.05,41.91,25.11,5.46,1.07,5.35,15.05,18.5,65.07,6.46,10.56,10.7,4.34,1.7,0.29,3.03,4.56,2.58,0.57,0.58,6.9,1.74,1.03,0.08,0.12,1.89,0.05,3.04,2.68,0.57,0.06,2.07,2.24,0.65,2.22,2.93,4.96,0.06,1.72,0.42,0.94,4,1.8
2019_Ply_LP 6 Late_11_N18-1429_2_NIR-11918,1/8/2020,11:17 AM,,,6.92,42.26,24.55,5.54,0.12,5.33,14.97,18.3,63.52,6.29,11.87,10.35,4.32,1.72,0.3,3.05,4.59,2.61,0.57,0.59,6.93,1.75,1.04,0.08,0.12,1.88,0.05,3.05,2.71,0.59,0.06,2.07,2.23,0.66,2.23,2.98,4.72,0.05,1.73,0.42,0.95,4.02,1.69
2019_Ply_LP 6 Late_11_N18-1429_3_NIR-11919,1/8/2020,11:17 AM,,,6.86,42.16,25.01,5.43,0.63,5.24,15.03,18.39,60.98,6.81,12.4,11.07,4.67,1.71,0.29,3.06,4.6,2.6,0.58,0.6,6.98,1.76,1.03,0.08,0.12,1.9,0.04,3.04,2.7,0.59,0.06,2.09,2.25,0.65,2.24,3.13,4.28,0.05,1.72,0.45,0.94,4.01,1.62
2019_Ply_LP 6 Late_12_N18-1447_1_NIR-11920,1/8/2020,11:17 AM,,,6.58,38.83,24.12,5.38,1.93,5.88,15.69,18.81,61.25,7.43,12.57,11.32,4.39,1.6,0.3,2.79,4.21,2.42,0.56,0.57,6.24,1.63,0.95,0.08,0.12,1.75,0.02,2.8,2.5,0.54,0.05,1.9,2.09,0.66,2.08,3.16,5.75,0.05,1.63,0.4,0.84,3.86,1.71
2019_Ply_LP 6 Late_12_N18-1447_2_NIR-11921,1/8/2020,11:18 AM,,,7.06,39.64,24.24,5.53,1.59,6,16.24,18.88,61.58,8.21,13.44,11.49,4.72,1.63,0.33,2.84,4.32,2.46,0.57,0.55,6.48,1.67,0.97,0.08,0.13,1.81,0.01,2.84,2.56,0.56,0.05,1.94,2.1,0.81,2.12,3.14,6.13,0.05,1.65,0.39,0.87,3.9,1.76
2019_Ply_LP 6 Late_12_N18-1447_3_NIR-11922,1/8/2020,11:18 AM,,,6.9,40.29,23.98,5.55,1.67,5.97,15.64,18.87,60.79,8.39,13.44,11.31,4.74,1.65,0.33,2.89,4.38,2.49,0.56,0.58,6.61,1.69,0.98,0.08,0.13,1.82,0.01,2.86,2.57,0.57,0.05,1.95,2.12,0.77,2.12,3.05,6.07,0.05,1.66,0.39,0.87,3.91,1.75
2019_Ply_LP 6 Late_13_N18-1504_1_NIR-11923,1/8/2020,11:18 AM,,,7,41.41,22.34,5.41,1.18,5.53,14.25,18.16,59.67,9.12,12.78,12.35,4.6,1.68,0.34,3,4.46,2.59,0.55,0.58,6.85,1.72,1.03,0.07,0.11,1.83,0.05,2.97,2.65,0.58,0.06,2,2.18,0.59,2.15,3,5.81,0.05,1.7,0.4,0.92,3.99,1.67
2019_Ply_LP 6 Late_13_N18-1504_2_NIR-11924,1/8/2020,11:18 AM,,,6.95,41.16,22.67,5.45,2.07,5.9,13.98,17.79,59.77,9.18,12.09,12.36,4.88,1.66,0.33,2.94,4.42,2.54,0.54,0.57,6.79,1.71,1,0.07,0.12,1.81,0.03,2.9,2.61,0.58,0.05,1.97,2.13,0.7,2.12,2.93,5.91,0.04,1.67,0.39,0.88,3.96,1.64
2019_Ply_LP 6 Late_13_N18-1504_3_NIR-11925,1/8/2020,11:19 AM,,,6.68,40.49,22.83,5.33,2.26,5.77,13.43,17.94,60.08,8.43,12.26,12.65,4.68,1.65,0.33,2.9,4.37,2.52,0.55,0.57,6.65,1.69,0.99,0.06,0.11,1.78,0.04,2.9,2.59,0.58,0.05,1.95,2.13,0.64,2.1,3.05,5.83,0.05,1.67,0.4,0.88,3.93,1.79
2019_Ply_LP 6 Late_14_N18-1353_1_NIR-11926,1/8/2020,11:19 AM,,,7.73,42.81,21.87,5.67,1.09,5.98,15.12,18.69,59.48,10.07,11.96,12.66,4.74,1.73,0.33,3.13,4.64,2.65,0.54,0.59,7.05,1.77,1.03,0.08,0.13,1.88,0.04,3.04,2.7,0.59,0.05,2.06,2.22,0.83,2.19,2.65,5.4,0.04,1.73,0.39,0.94,4.02,1.52
2019_Ply_LP 6 Late_14_N18-1353_2_NIR-11927,1/8/2020,11:19 AM,,,7.29,42.39,22.93,5.54,0.32,6.04,15.29,18.5,61.61,9.57,10.19,11.89,4.91,1.7,0.31,3.04,4.56,2.62,0.52,0.57,7,1.76,1.02,0.08,0.12,1.89,0.04,3,2.67,0.57,0.06,2.05,2.2,0.64,2.19,2.85,5.56,0.05,1.72,0.38,0.93,4,1.67
2019_Ply_LP 6 Late_14_N18-1353_3_NIR-11928\,1/8/2020,11:19 AM,,,7.11,43.25,22.33,5.57,0.39,5.91,15.11,18.67,62.16,9.67,9.49,12.16,4.97,1.73,0.32,3.16,4.66,2.65,0.53,0.58,7.16,1.8,1.06,0.08,0.12,1.93,0.05,3.07,2.73,0.58,0.06,2.1,2.24,0.68,2.22,2.83,5.6,0.05,1.75,0.4,0.96,4.04,1.63
2019_Ply_LP 6 Late_15_N18-1362_1_NIR-11929,1/8/2020,11:20 AM,,,7.21,45,21.4,5.59,0.63,5.87,15.01,18.11,60.71,9.13,11.36,12.13,4.99,1.78,0.36,3.3,4.83,2.73,0.56,0.6,7.51,1.83,1.08,0.08,0.12,1.98,0.04,3.19,2.79,0.59,0.05,2.17,2.3,0.74,2.28,3.03,5.48,0.04,1.79,0.39,0.99,4.11,1.7
2019_Ply_LP 6 Late_15_N18-1362_2_NIR-11930,1/8/2020,11:20 AM,,,6.98,42.93,21.96,5.5,0.59,6.09,15.15,18.24,61.15,9.22,10.82,12.8,4.96,1.71,0.34,3.1,4.61,2.63,0.54,0.58,7.07,1.77,1.03,0.08,0.12,1.91,0.04,3.05,2.69,0.57,0.05,2.07,2.22,0.7,2.19,3.16,5.88,0.04,1.74,0.38,0.94,4.02,1.79
2019_Ply_LP 6 Late_15_N18-1362_3_NIR-11931,1/8/2020,11:20 AM,,,7.1,43.31,22.06,5.53,0.52,6.12,15.37,18.61,61.25,9.21,11.29,12.67,4.64,1.73,0.33,3.14,4.65,2.63,0.55,0.58,7.15,1.77,1.04,0.07,0.12,1.94,0.05,3.09,2.71,0.58,0.05,2.09,2.24,0.69,2.22,3.17,5.79,0.04,1.75,0.38,0.95,4.06,1.79
2019_Ply_LP 6 Late_16_N18-918_1_NIR-11932,1/8/2020,11:20 AM,,,6.51,42.5,23.93,5.49,0.74,5.41,15.34,19.23,60.34,7.2,13.73,11.03,4.71,1.72,0.33,3.1,4.61,2.6,0.57,0.6,6.98,1.76,1.04,0.08,0.12,1.9,0.04,3.07,2.71,0.58,0.06,2.08,2.27,0.67,2.23,3.05,4.57,0.05,1.73,0.41,0.96,4.03,1.62
2019_Ply_LP 6 Late_16_N18-918_2_NIR-11933,1/8/2020,11:21 AM,,,6.96,41.81,24.15,5.52,0.42,5.47,15.36,18.63,61.58,6.63,13.23,11.34,4.7,1.7,0.34,3.03,4.53,2.58,0.57,0.6,6.83,1.74,1.02,0.08,0.12,1.85,0.03,3,2.66,0.58,0.05,2.04,2.23,0.63,2.2,3.01,4.67,0.05,1.7,0.41,0.93,3.98,1.67
2019_Ply_LP 6 Late_16_N18-918_3_NIR-11934,1/8/2020,11:21 AM,,,6.69,42.49,23.83,5.5,1.3,5.61,15.53,18.85,62.44,7.09,12.7,10.84,4.38,1.71,0.32,3.09,4.64,2.61,0.56,0.6,7,1.77,1.03,0.07,0.12,1.89,0.04,3.06,2.7,0.58,0.06,2.07,2.27,0.67,2.24,3.12,5.31,0.05,1.73,0.4,0.94,4.01,1.78
2019_Ply_LP 6 Late_17_N18-1372_1_NIR-11935,1/8/2020,11:21 AM,,,7.62,44.91,21.83,5.7,0.48,5.45,14.75,18.43,62.59,9.07,10.78,11.93,4.62,1.78,0.35,3.29,4.83,2.73,0.57,0.6,7.41,1.85,1.07,0.09,0.12,1.99,0.04,3.21,2.83,0.6,0.06,2.16,2.31,0.94,2.29,2.74,5.79,0.05,1.78,0.39,1.01,4.11,1.45
2019_Ply_LP 6 Late_17_N18-1372_2_NIR-11936,1/8/2020,11:22 AM,,,7.25,41.73,22.89,5.67,0.55,5.82,14.88,18.68,61.3,9.5,11.79,11.42,4.77,1.68,0.32,2.97,4.43,2.53,0.53,0.58,6.78,1.73,1.01,0.09,0.13,1.84,0.04,2.97,2.64,0.58,0.06,1.99,2.16,0.93,2.17,2.62,5.49,0.05,1.7,0.39,0.92,3.97,1.56
2019_Ply_LP 6 Late_17_N18-1372_3_NIR-11937,1/8/2020,11:22 AM,,,7.22,43.49,21.72,5.63,0.31,5.89,15.35,18.55,60.97,9.4,12.44,11.54,4.58,1.74,0.36,3.18,4.68,2.64,0.58,0.59,7.15,1.79,1.05,0.08,0.12,1.94,0.03,3.11,2.76,0.58,0.06,2.12,2.25,0.96,2.25,2.8,5.83,0.04,1.73,0.39,0.97,4.05,1.47
2019_Ply_LP 6 Late_18_N18-917_1_NIR-11938,1/8/2020,11:22 AM,,,7.34,43.01,23.47,5.61,0.65,5.86,15.15,19.11,65.14,9.29,6.29,12.4,4.88,1.75,0.29,3.17,4.63,2.62,0.51,0.56,7.12,1.8,1.05,0.08,0.12,1.94,0.05,3.09,2.72,0.57,0.06,2.11,2.24,0.69,2.22,2.86,4.94,0.05,1.75,0.41,0.96,4.06,1.42
2019_Ply_LP 6 Late_18_N18-917_2_NIR-11939,1/8/2020,11:22 AM,,,7.21,41.79,23.98,5.72,1.2,6.17,15.99,19.44,63.86,9.2,8.15,12.05,5.02,1.68,0.29,2.96,4.46,2.53,0.49,0.57,6.78,1.72,1,0.09,0.13,1.87,0.04,2.95,2.62,0.57,0.05,2,2.16,0.86,2.18,2.63,4.61,0.05,1.69,0.4,0.92,3.97,1.52
2019_Ply_LP 6 Late_18_N18-917_3_NIR-11940,1/8/2020,11:23 AM,,,7.15,42,23.39,5.56,1.11,6.05,15.45,19.19,65.34,9.15,6.22,12.66,4.84,1.7,0.27,3.03,4.52,2.58,0.49,0.56,6.87,1.75,1.03,0.08,0.13,1.89,0.05,3.01,2.66,0.57,0.05,2.05,2.22,0.6,2.19,3.02,4.99,0.06,1.73,0.39,0.94,4,1.59
2019_Ply_LP 6 Late_19_N18-1548_1_NIR-11941,1/8/2020,11:23 AM,,,7.36,43.79,21.98,5.55,0.35,5.86,15.6,18.63,62.28,8.9,10.2,11.77,4.66,1.74,0.31,3.21,4.72,2.64,0.52,0.6,7.25,1.78,1.06,0.08,0.12,1.96,0.05,3.1,2.73,0.57,0.06,2.12,2.27,0.77,2.24,3.03,5.96,0.05,1.75,0.38,0.96,4.07,1.58
2019_Ply_LP 6 Late_19_N18-1548_2_NIR-11942,1/8/2020,11:23 AM,,,7.24,41.56,22.84,5.6,0.67,6.01,15.16,18.68,62.29,9.08,10.83,11.88,4.71,1.68,0.32,3.01,4.49,2.54,0.52,0.58,6.81,1.73,1.02,0.08,0.12,1.85,0.05,2.96,2.62,0.56,0.05,2,2.18,0.7,2.16,3.12,5.99,0.05,1.7,0.39,0.92,3.97,1.75
2019_Ply_LP 6 Late_19_N18-1548_3_NIR-11943,1/8/2020,11:23 AM,,,7.35,41.78,22.38,5.59,1.2,6.08,15.65,18.59,61.27,9.46,10.83,12.15,4.89,1.69,0.32,3.01,4.49,2.55,0.51,0.59,6.83,1.73,1.02,0.08,0.12,1.86,0.05,2.97,2.64,0.57,0.06,2.01,2.18,0.73,2.17,3.01,5.81,0.05,1.7,0.4,0.91,3.99,1.57
2019_Ply_LP 6 Late_20_N18-1306_1_NIR-11944,1/8/2020,11:24 AM,,,7.59,45.01,21.73,5.63,1.04,5.88,15.44,18.31,59.4,9.25,12.72,12.33,4.8,1.79,0.38,3.3,4.83,2.72,0.56,0.6,7.48,1.85,1.07,0.08,0.12,1.97,0.04,3.18,2.8,0.59,0.06,2.16,2.28,0.76,2.29,2.89,5.11,0.04,1.78,0.4,0.99,4.12,1.53
2019_Ply_LP 6 Late_20_N18-1306_2_NIR-11945,1/8/2020,11:24 AM,,,7.5,45.35,21.64,5.82,0.32,5.55,14.77,18.5,56.34,8.86,15.29,12.08,4.72,1.8,0.39,3.31,4.86,2.76,0.58,0.63,7.53,1.86,1.09,0.09,0.13,1.95,0.05,3.18,2.79,0.61,0.06,2.14,2.32,0.74,2.3,2.91,4.8,0.05,1.8,0.39,1.01,4.1,1.6
2019_Ply_LP 6 Late_20_N18-1306_3_NIR-11946\,1/8/2020,11:24 AM,,,7.62,45.65,21.26,5.74,0.65,5.66,15.6,18.84,57.32,8.91,15,12.11,4.81,1.82,0.41,3.35,4.91,2.76,0.57,0.64,7.54,1.88,1.09,0.09,0.13,1.98,0.04,3.21,2.85,0.62,0.06,2.17,2.34,0.81,2.33,2.87,5.08,0.04,1.8,0.4,1.03,4.11,1.63
2019_Ply_LP 6 Late_21_N18-834_1_NIR-11947,1/8/2020,11:25 AM,,,7.17,43.13,23.24,5.59,1.33,5.8,14.88,18.5,62.9,8.56,9.59,12.23,4.88,1.74,0.33,3.14,4.66,2.67,0.53,0.6,7.11,1.8,1.05,0.08,0.12,1.92,0.04,3.08,2.74,0.58,0.05,2.09,2.25,0.67,2.25,2.97,4.71,0.06,1.76,0.4,0.96,4.05,1.51
2019_Ply_LP 6 Late_21_N18-834_2_NIR-11948,1/8/2020,11:25 AM,,,7.35,44.95,22.11,5.84,1.81,5.99,15.16,18.47,61.68,9.08,11.14,11.74,4.83,1.79,0.35,3.24,4.84,2.72,0.54,0.63,7.35,1.84,1.07,0.08,0.12,1.96,0.02,3.16,2.79,0.6,0.06,2.15,2.3,0.87,2.3,2.65,4.57,0.03,1.78,0.4,0.99,4.09,1.51
2019_Ply_LP 6 Late_21_N18-834_3_NIR-11949,1/8/2020,11:25 AM,,,7.41,42.8,23.03,5.58,0.8,5.8,14.09,18.62,61.64,8.93,10.46,12.68,4.76,1.73,0.32,3.08,4.64,2.66,0.52,0.61,7.04,1.78,1.05,0.08,0.12,1.9,0.03,3.05,2.72,0.59,0.06,2.07,2.25,0.56,2.22,2.94,5.15,0.05,1.75,0.4,0.95,4.03,1.53
2019_Ply_LP 6 Late_22_N18-1432_1_NIR-11950,1/8/2020,11:25 AM,,,6.88,41.13,24.7,5.63,1.34,5.7,15.39,18.73,66.31,7.33,8.54,11.21,4.33,1.68,0.28,2.95,4.48,2.52,0.55,0.59,6.72,1.71,1,0.08,0.12,1.85,0.05,2.97,2.63,0.57,0.06,2.01,2.18,0.71,2.18,3.13,5.38,0.05,1.7,0.41,0.91,3.96,1.82
2019_Ply_LP 6 Late_22_N18-1432_2_NIR-11951,1/8/2020,11:26 AM,,,7.05,41.59,24.47,5.45,1.53,5.73,15.84,18.7,66.7,8,8.43,11.52,4.61,1.69,0.3,2.98,4.53,2.55,0.56,0.57,6.83,1.72,1.01,0.08,0.12,1.89,0.03,3,2.66,0.57,0.06,2.04,2.18,0.72,2.19,3.1,5.24,0.05,1.71,0.4,0.93,3.98,1.82
2019_Ply_LP 6 Late_22_N18-1432_3_NIR-11952,1/8/2020,11:26 AM,,,6.75,40.73,24.63,5.59,1.31,5.66,15.51,19.11,65.28,8.15,9.08,11.91,4.51,1.67,0.29,2.91,4.39,2.49,0.53,0.57,6.62,1.7,1,0.08,0.12,1.85,0.06,2.94,2.61,0.56,0.06,1.99,2.16,0.72,2.14,3.04,5.71,0.05,1.69,0.4,0.91,3.96,1.58
2019_Ply_LP 6 Late_23_N18-1360_1_NIR-11953,1/8/2020,11:26 AM,,,7.55,43.68,21.82,5.65,-0.26,5.74,14.71,17.96,59.2,8.52,14.06,12.14,4.75,1.75,0.37,3.19,4.73,2.67,0.55,0.62,7.26,1.8,1.06,0.08,0.12,1.96,0.03,3.12,2.78,0.6,0.06,2.11,2.28,0.8,2.26,2.93,5.97,0.04,1.74,0.4,0.97,4.08,1.7
2019_Ply_LP 6 Late_23_N18-1360_2_NIR-11954,1/8/2020,11:27 AM,,,7.24,42.82,22.45,5.55,0.58,5.93,15.22,17.99,60.14,9.12,12.69,11.84,4.81,1.71,0.36,3.04,4.58,2.6,0.55,0.59,7.01,1.77,1.03,0.08,0.12,1.89,0.03,3.03,2.71,0.59,0.06,2.05,2.21,0.78,2.21,2.77,5.74,0.04,1.72,0.39,0.93,4.01,1.8
2019_Ply_LP 6 Late_23_N18-1360_3_NIR-11955,1/8/2020,11:27 AM,,,7.02,43.02,22.16,5.62,0.91,5.96,14.72,17.99,59.93,9.36,12.7,12.14,4.69,1.72,0.36,3.07,4.64,2.62,0.54,0.61,7.11,1.77,1.03,0.07,0.12,1.91,0.01,3.05,2.73,0.6,0.06,2.07,2.23,0.76,2.21,3.08,5.59,0.03,1.73,0.39,0.94,4.04,1.98
2019_Ply_LP 6 Late_24_N18-1414_1_NIR-11956,1/8/2020,11:27 AM,,,6.69,41.46,24.07,5.46,0.89,5.62,14.59,18.09,65.48,7.29,9.6,11.03,4.49,1.69,0.3,2.99,4.5,2.57,0.56,0.58,6.76,1.71,1.01,0.08,0.12,1.85,0.02,2.99,2.64,0.56,0.05,2.03,2.2,0.68,2.19,3.02,4.9,0.05,1.7,0.42,0.91,3.96,1.78
2019_Ply_LP 6 Late_24_N18-1414_2_NIR-11957,1/8/2020,11:27 AM,,,6.96,42.01,23.6,5.42,1.48,5.77,15.23,18.51,63.82,8.18,9.38,12.45,4.63,1.7,0.29,3.03,4.55,2.59,0.55,0.58,6.89,1.73,1.01,0.08,0.12,1.87,0.03,3.01,2.66,0.58,0.05,2.03,2.2,0.67,2.2,3.44,5.63,0.05,1.71,0.4,0.92,3.98,1.86
2019_Ply_LP 6 Late_24_N18-1414_3_NIR-11958,1/8/2020,11:28 AM,,,7.06,41.97,24.09,5.4,0.6,5.55,15.1,18.61,63.51,6.99,10.88,10.89,4.39,1.71,0.3,3.07,4.56,2.59,0.57,0.59,6.89,1.74,1.02,0.08,0.12,1.88,0.04,3.03,2.67,0.56,0.06,2.08,2.24,0.61,2.21,2.94,5.29,0.06,1.73,0.42,0.93,3.99,1.86
2019_Ply_LP 6 Late_25_N18-1474_1_NIR-11959,1/8/2020,11:28 AM,,,6.84,41.67,24.04,5.55,0.4,5.5,14.95,18.59,62.6,7.39,10.31,11.08,4.33,1.69,0.28,2.98,4.51,2.57,0.54,0.6,6.78,1.73,1.01,0.08,0.12,1.85,0.04,3,2.67,0.57,0.06,2.02,2.19,0.64,2.19,2.82,5.18,0.05,1.71,0.41,0.93,3.98,1.68
2019_Ply_LP 6 Late_25_N18-1474_2_NIR-11960,1/8/2020,11:28 AM,,,7.17,42.23,23.44,5.64,0.34,5.58,14.79,18.26,63.28,8.02,10.04,11.27,4.47,1.71,0.3,3.05,4.58,2.58,0.54,0.6,6.95,1.75,1.02,0.08,0.12,1.89,0.06,3.04,2.67,0.58,0.06,2.05,2.22,0.69,2.18,2.83,5.56,0.05,1.73,0.41,0.94,4.02,1.77
2019_Ply_LP 6 Late_25_N18-1474_3_NIR-11961,1/8/2020,11:28 AM,,,6.9,41.29,23.46,5.57,0.34,5.5,14.55,18.5,63.77,7.9,9.18,11.41,4.44,1.69,0.29,2.97,4.47,2.56,0.54,0.59,6.7,1.74,1.02,0.08,0.12,1.84,0.04,2.98,2.66,0.58,0.06,2.01,2.18,0.62,2.16,2.7,5.43,0.05,1.71,0.41,0.93,3.96,1.63
2019_Ply_LP 6 Late_26_N18-1007_1_NIR-11962,1/8/2020,11:29 AM,,,6.95,41.44,24.53,5.47,0.67,5.21,14.31,17.88,66.86,7.31,7.59,11.08,4.37,1.69,0.27,3,4.5,2.57,0.55,0.59,6.76,1.74,1.03,0.07,0.12,1.86,0.04,3.01,2.67,0.57,0.06,2.04,2.22,0.65,2.19,2.93,5.25,0.05,1.71,0.43,0.93,3.98,1.76
2019_Ply_LP 6 Late_26_N18-1007_2_NIR-11963,1/8/2020,11:29 AM,,,6.99,40.82,24.25,5.57,0.89,5.42,14.56,18.41,64.88,7.87,7.96,12.07,4.63,1.67,0.28,2.9,4.41,2.53,0.54,0.61,6.6,1.71,1,0.08,0.12,1.81,0.04,2.94,2.64,0.58,0.06,1.97,2.18,0.64,2.16,3.04,5.04,0.05,1.69,0.42,0.91,3.95,1.59
2019_Ply_LP 6 Late_26_N18-1007_3_NIR-11964,1/8/2020,11:29 AM,,,6.89,41.13,24.55,5.46,1.02,5.35,14.5,17.97,63.76,7.2,9.79,11.12,4.67,1.68,0.28,2.96,4.48,2.53,0.55,0.59,6.74,1.72,1,0.07,0.12,1.84,0.04,2.97,2.65,0.57,0.06,2.02,2.2,0.69,2.18,3.24,4.88,0.04,1.68,0.42,0.9,3.98,1.68
2019_Ply_LP 6 Late_27_N18-1416_1_NIR-11965,1/8/2020,11:29 AM,,,7.52,42.04,23.22,5.5,0.24,5.46,14.93,18.16,65.32,8.48,8.53,11.35,4.38,1.71,0.29,3.05,4.56,2.6,0.53,0.58,6.89,1.75,1.03,0.08,0.12,1.88,0.03,3.03,2.69,0.57,0.06,2.06,2.22,0.68,2.19,2.89,5.68,0.06,1.72,0.41,0.93,4.02,1.69
2019_Ply_LP 6 Late_27_N18-1416_2_NIR-11966,1/8/2020,11:30 AM,,,6.96,39.41,23.96,5.45,1.18,5.64,14.78,18.19,65.72,8.41,7.41,11.59,4.45,1.62,0.26,2.8,4.26,2.46,0.53,0.57,6.32,1.65,0.96,0.08,0.12,1.77,0.04,2.85,2.54,0.54,0.06,1.92,2.13,0.69,2.1,2.97,5.92,0.06,1.64,0.4,0.86,3.88,1.77
2019_Ply_LP 6 Late_27_N18-1416_3_NIR-11967,1/8/2020,11:30 AM,,,7.13,38.8,23.9,5.58,0.97,6.12,15.69,18.41,64.88,9.3,8.21,11.93,4.52,1.6,0.26,2.78,4.21,2.42,0.51,0.53,6.29,1.62,0.95,0.08,0.12,1.77,0.04,2.8,2.51,0.54,0.05,1.91,2.08,0.69,2.07,3.16,6.11,0.06,1.62,0.38,0.84,3.88,1.65
2019_Ply_LP 6 Late_28_N18-1162_3_NIR-11970,1/8/2020,11:30 AM,,,6.61,38.69,24.32,5.51,1.78,5.99,15.42,19.05,63.28,8.02,9.7,11.51,4.43,1.6,0.3,2.75,4.13,2.38,0.54,0.54,6.18,1.61,0.95,0.08,0.12,1.76,0.05,2.81,2.49,0.54,0.05,1.9,2.11,0.71,2.07,3.1,5.69,0.05,1.64,0.39,0.85,3.88,1.73
2019_Ply_LP 6 Late_28_N18-1162_2_NIR-11969,1/8/2020,11:31 AM,,,6.99,39.33,24.46,5.57,1.08,5.98,16.09,19.42,64.07,8.26,9.92,11.37,4.41,1.63,0.29,2.82,4.26,2.43,0.52,0.56,6.34,1.66,0.98,0.09,0.13,1.8,0.05,2.86,2.55,0.55,0.05,1.95,2.14,0.65,2.12,3.17,5.8,0.06,1.66,0.4,0.89,3.9,1.82
2019_Ply_LP 6 Late_28_N18-1162_1_NIR-11968,1/8/2020,11:31 AM,,,6.9,40.5,23.94,5.44,1.11,5.68,15.59,19.13,62.95,7.73,9.8,11.81,4.66,1.67,0.31,2.94,4.36,2.5,0.55,0.57,6.54,1.69,1,0.08,0.12,1.84,0.04,2.95,2.6,0.54,0.06,2.02,2.21,0.64,2.15,2.95,5.07,0.05,1.69,0.41,0.91,3.95,1.8
2019_Ply_LP 6 Late_29_N18-1111_1_NIR-11971,1/8/2020,11:31 AM,,,7.77,42.73,21.75,5.45,0.51,5.47,14.44,17.97,60.68,8.7,12.22,11.77,4.72,1.74,0.35,3.12,4.65,2.66,0.56,0.6,7.11,1.78,1.04,0.07,0.12,1.89,0.03,3.06,2.74,0.6,0.06,2.07,2.21,0.63,2.22,2.68,5.5,0.05,1.74,0.39,0.95,4.05,1.74
2019_Ply_LP 6 Late_29_N18-1111_2_NIR-11972,1/8/2020,11:31 AM,,,7.53,38.5,23.19,5.69,1.43,5.81,14.07,18.13,62.03,8.28,12.18,12.57,4.44,1.62,0.32,2.69,4.16,2.4,0.53,0.59,6.21,1.64,0.95,0.07,0.12,1.71,0.02,2.76,2.52,0.57,0.05,1.85,2.04,0.67,2.04,3.07,5.93,0.05,1.63,0.39,0.84,3.88,1.91
2019_Ply_LP 6 Late_29_N18-1111_3_NIR-11973,1/8/2020,11:32 AM,,,7.68,42.43,21.84,5.44,0.49,5.43,13.35,17.34,59.68,8.61,13.94,11.95,4.48,1.74,0.36,3.1,4.59,2.62,0.57,0.59,7.02,1.77,1.04,0.07,0.11,1.87,0.03,3.05,2.71,0.59,0.06,2.07,2.23,0.64,2.18,2.68,5.63,0.04,1.73,0.4,0.94,4.04,1.85
2019_Ply_LP 6 Late_30_N18-1138_1_NIR-11974,1/8/2020,11:32 AM,,,7.68,44.71,22.33,5.63,-0.87,4.84,13.41,18.09,61.16,8.01,13.08,11.03,4.49,1.81,0.33,3.29,4.85,2.77,0.57,0.6,7.46,1.87,1.1,0.07,0.11,1.97,0.04,3.25,2.87,0.61,0.06,2.16,2.3,0.63,2.31,2.63,5.37,0.06,1.82,0.42,1.03,4.14,1.64
2019_Ply_LP 6 Late_30_N18-1138_2_NIR-11975,1/8/2020,11:32 AM,,,7.65,43.72,22.45,5.48,0.26,5.35,14.08,17.72,61.74,9.37,10.4,11.74,5.11,1.76,0.32,3.18,4.71,2.71,0.55,0.58,7.27,1.82,1.06,0.08,0.12,1.93,0.03,3.12,2.79,0.61,0.06,2.12,2.24,0.65,2.26,2.54,5.27,0.06,1.77,0.41,0.99,4.07,1.74
2019_Ply_LP 6 Late_30_N18-1138_3_NIR-11976,1/8/2020,11:33 AM,,,7.63,43.94,22.46,5.51,0.24,5.38,14.35,17.88,61.9,9.1,11.3,10.9,4.75,1.77,0.32,3.18,4.74,2.71,0.55,0.59,7.29,1.83,1.06,0.07,0.12,1.95,0.02,3.13,2.81,0.61,0.06,2.14,2.26,0.6,2.27,2.65,5.21,0.05,1.77,0.4,0.98,4.09,1.67
2019_Ply_LP 6 Late_31_N18-1375_1_NIR-11977,1/8/2020,11:33 AM,,,7.5,44.5,22.42,5.5,0.21,5.8,15.66,18.57,60.22,7.89,13.72,11.39,4.43,1.78,0.36,3.28,4.83,2.68,0.54,0.58,7.43,1.83,1.08,0.08,0.12,2.03,0.03,3.18,2.8,0.58,0.06,2.19,2.3,0.77,2.28,2.96,5.64,0.04,1.77,0.4,0.99,4.12,1.7
2019_Ply_LP 6 Late_31_N18-1375_2_NIR-11978,1/8/2020,11:33 AM,,,7.08,43.86,22.43,5.55,0.14,5.8,15.09,18.7,58.41,7.93,14.35,11.71,4.27,1.77,0.36,3.19,4.75,2.66,0.54,0.59,7.29,1.81,1.06,0.08,0.12,1.96,0.04,3.16,2.77,0.58,0.06,2.15,2.3,0.72,2.25,3.09,5.55,0.04,1.77,0.4,0.99,4.1,1.87
2019_Ply_LP 6 Late_31_N18-1375_3_NIR-11979,1/8/2020,11:34 AM,,,6.7,43.32,22.48,5.25,-0.07,5.66,15.34,18.69,59.3,7.5,13.75,11.34,4.7,1.74,0.37,3.16,4.66,2.65,0.57,0.57,7.14,1.77,1.05,0.07,0.12,1.93,0.04,3.11,2.75,0.58,0.06,2.13,2.26,0.7,2.23,3,5,0.04,1.74,0.4,0.96,4.07,1.6
2019_Ply_LP 6 Late_32_N18-1352_1_NIR-11980,1/8/2020,11:34 AM,,,6.4,38.13,25.32,5.59,0.96,6.11,15.97,19.26,59.24,7.52,14.83,11.57,4.55,1.58,0.32,2.69,4.11,2.37,0.55,0.54,6.12,1.61,0.93,0.08,0.13,1.74,0.03,2.74,2.45,0.54,0.05,1.86,2.06,0.78,2.04,3.39,5.85,0.05,1.6,0.39,0.82,3.82,1.76
2019_Ply_LP 6 Late_32_N18-1352_2_NIR-11981,1/8/2020,11:34 AM,,,6.34,35.99,25.77,5.58,1.31,6.22,16.05,19.48,59.42,7.27,13.94,11.7,4.55,1.51,0.29,2.5,3.85,2.25,0.55,0.51,5.69,1.52,0.88,0.09,0.13,1.64,0.05,2.59,2.32,0.52,0.05,1.77,1.97,0.74,1.95,3.34,6.06,0.05,1.54,0.39,0.76,3.74,1.76
2019_Ply_LP 6 Late_32_N18-1352_3_NIR-11982,1/8/2020,11:35 AM,,,6.46,36.72,25.24,5.7,2.03,6.33,16.12,19.29,62.66,8.38,11.51,11.9,4.38,1.53,0.28,2.54,3.94,2.27,0.53,0.52,5.83,1.55,0.89,0.08,0.13,1.68,0.03,2.64,2.36,0.53,0.05,1.79,1.99,0.81,1.98,3.42,6.45,0.05,1.56,0.39,0.78,3.77,1.75
2019_Ply_LP 6 Late_33_N18-1546_1_NIR-11983,1/8/2020,11:35 AM,,,7.82,42.05,22.02,5.55,1.03,6.07,15.41,18.62,61.51,9.65,10.22,12.09,5.02,1.69,0.33,2.98,4.45,2.54,0.53,0.57,6.77,1.74,0.99,0.08,0.13,1.85,0.01,2.95,2.63,0.57,0.06,1.99,2.14,0.94,2.15,2.82,5.54,0.04,1.69,0.38,0.9,3.98,1.56
2019_Ply_LP 6 Late_33_N18-1546_2_NIR-11984,1/8/2020,11:35 AM,,,7.9,43.91,21.04,5.53,0.7,5.74,14.66,18.29,63.01,9.73,8.8,12.77,5.07,1.76,0.34,3.27,4.74,2.67,0.54,0.6,7.29,1.82,1.07,0.08,0.12,1.94,0.02,3.1,2.76,0.59,0.06,2.12,2.26,0.77,2.24,3.05,5.78,0.05,1.75,0.41,0.96,4.07,1.69
2019_Ply_LP 6 Late_33_N18-1546_3_NIR-11985,1/8/2020,11:35 AM,,,7.26,37.6,23.44,5.6,0.91,6.38,14.92,18.61,61.75,9.83,8.07,12.53,4.88,1.57,0.29,2.61,4,2.33,0.49,0.54,6.01,1.6,0.93,0.08,0.13,1.69,0.05,2.66,2.41,0.54,0.05,1.81,1.98,0.79,1.96,2.7,6.18,0.05,1.57,0.37,0.79,3.82,1.6
2019_Ply_LP 6 Late_34_N18-1436_1_NIR-11986,1/8/2020,11:36 AM,,,7.11,40.12,23.71,5.51,0.89,6.05,16.05,18.63,64.18,8.71,8.46,12.18,4.45,1.64,0.28,2.84,4.34,2.48,0.51,0.57,6.52,1.68,0.98,0.08,0.12,1.82,0.03,2.89,2.57,0.55,0.05,1.96,2.13,0.68,2.13,3.03,5.78,0.05,1.67,0.38,0.88,3.92,1.9
2019_Ply_LP 6 Late_34_N18-1436_2_NIR-11987,1/8/2020,11:36 AM,,,7.02,37.25,24.87,5.58,1.54,6.35,15.25,18.7,64.98,8.96,7.12,12.22,4.66,1.55,0.26,2.58,3.99,2.31,0.5,0.54,5.96,1.59,0.92,0.08,0.13,1.7,0.04,2.65,2.4,0.53,0.05,1.81,1.98,0.73,1.98,3.04,5.7,0.05,1.57,0.39,0.79,3.79,1.72
2019_Ply_LP 6 Late_34_N18-1436_3_NIR-11988,1/8/2020,11:36 AM,,,6.88,35.98,25.23,5.55,2.11,6.38,15.89,18.92,64.45,8.13,7.85,11.38,4.39,1.5,0.26,2.44,3.83,2.26,0.51,0.53,5.65,1.51,0.88,0.08,0.13,1.63,0.05,2.57,2.33,0.52,0.05,1.73,1.93,0.69,1.95,3.24,5.91,0.06,1.55,0.38,0.76,3.73,1.77
2019_Ply_LP 6 Late_35_N18-1515_1_NIR-11989,1/8/2020,11:36 AM,,,7.42,46.53,20.92,5.71,0.45,5.55,14.54,18.08,58.42,8.78,15.53,11.42,4.48,1.82,0.4,3.43,4.98,2.81,0.6,0.63,7.71,1.9,1.11,0.09,0.12,2.02,0.02,3.29,2.88,0.62,0.06,2.2,2.36,0.79,2.33,2.9,5.48,0.04,1.82,0.4,1.03,4.17,1.53
2019_Ply_LP 6 Late_35_N18-1515_2_NIR-11990,1/8/2020,11:37 AM,,,7.21,48.07,20.18,5.57,0.49,5.23,14.47,18.15,60.62,8.14,13.95,11.08,4.36,1.89,0.37,3.64,5.25,2.92,0.58,0.65,8.14,1.97,1.16,0.08,0.11,2.15,0.01,3.44,3,0.63,0.06,2.32,2.46,0.73,2.43,3.2,5.56,0.04,1.89,0.41,1.09,4.27,1.59
2019_Ply_LP 6 Late_35_N18-1515_3_NIR-11991,1/8/2020,11:37 AM,,,7.18,46.34,21.1,5.62,0.87,5.36,14.42,18.1,57.29,8.51,18.17,11.43,4.44,1.82,0.41,3.44,4.99,2.82,0.61,0.65,7.73,1.89,1.11,0.08,0.12,2.02,0.01,3.29,2.89,0.62,0.06,2.19,2.38,0.81,2.37,2.97,5.35,0.04,1.82,0.41,1.04,4.16,1.48
2019_Ply_LP 6 Late_36_N18-1034_1_NIR-11992,1/8/2020,11:37 AM,,,7.12,43.59,22.37,5.73,0.94,6.06,15.79,19.33,59.01,9.16,12.6,12.02,4.93,1.73,0.36,3.1,4.61,2.63,0.52,0.59,7.09,1.78,1.05,0.09,0.13,1.92,0.05,3.06,2.7,0.57,0.06,2.09,2.22,0.79,2.23,2.89,5.02,0.05,1.75,0.4,0.96,4.03,1.57
2019_Ply_LP 6 Late_36_N18-1034_2_NIR-11993,1/8/2020,11:37 AM,,,7.15,42.02,22.46,5.66,0.89,6.34,16.16,19.69,60.18,9.29,10.9,12.68,4.83,1.7,0.34,3.01,4.53,2.58,0.49,0.6,6.88,1.74,1.02,0.09,0.13,1.87,0.04,2.98,2.64,0.56,0.05,2.02,2.19,0.67,2.19,3.08,5.37,0.05,1.73,0.37,0.94,3.97,1.57
2019_Ply_LP 6 Late_36_N18-1034_3_NIR-11994,1/8/2020,11:38 AM,,,6.97,42.79,22.16,5.72,0.69,6.18,15.54,19.8,59.51,9.22,13.54,11.97,4.74,1.72,0.34,3.08,4.58,2.61,0.52,0.62,6.97,1.77,1.03,0.09,0.13,1.88,0.04,3.03,2.68,0.58,0.06,2.05,2.23,0.91,2.22,2.91,5.16,0.05,1.74,0.39,0.96,4,1.4
2019_Ply_LP 6 Late_37_N18-1499_1_NIR-11995,1/8/2020,11:38 AM,,,7.19,43.57,21.58,5.67,0.77,5.7,15.18,18.49,58.54,9.65,13.92,11.47,4.87,1.74,0.36,3.17,4.64,2.68,0.54,0.6,7.12,1.79,1.06,0.09,0.12,1.92,0.04,3.1,2.75,0.59,0.06,2.09,2.27,0.71,2.24,2.85,5.12,0.05,1.76,0.4,0.98,4.06,1.32
2019_Ply_LP 6 Late_37_N18-1499_2_NIR-11996,1/8/2020,11:38 AM,,,7.44,42.68,22.05,5.62,0.77,5.91,14.98,18.51,58.52,9.49,12.96,12.05,4.85,1.73,0.35,3.11,4.6,2.64,0.52,0.6,7.04,1.77,1.04,0.08,0.12,1.89,0.05,3.05,2.7,0.58,0.06,2.06,2.23,0.67,2.22,2.96,5.2,0.05,1.75,0.39,0.95,4.02,1.4
2019_Ply_LP 6 Late_37_N18-1499_3_NIR-11997,1/8/2020,11:38 AM,,,7.1,43.15,21.83,5.43,1.16,5.78,14.96,18.93,57.53,9.04,13.66,12.57,5.05,1.73,0.37,3.21,4.63,2.64,0.56,0.57,7.16,1.79,1.06,0.08,0.12,1.92,0.05,3.07,2.72,0.59,0.06,2.1,2.26,0.65,2.22,2.84,5.53,0.05,1.75,0.39,0.97,4.05,1.54
2019_Ply_LP 6 Late_38_N18-1513_1_NIR-11998,1/8/2020,11:39 AM,,,6.79,41.48,23.93,5.57,0.98,5.61,15.09,18.55,64.9,7.82,8.42,11.46,4.31,1.68,0.27,2.97,4.49,2.56,0.52,0.59,6.74,1.73,1.01,0.08,0.12,1.86,0.05,2.99,2.66,0.57,0.06,2.03,2.21,0.67,2.18,2.95,5.4,0.05,1.71,0.42,0.92,3.97,1.6
2019_Ply_LP 6 Late_38_N18-1513_2_NIR-11999,1/8/2020,11:39 AM,,,7.1,42.82,23.45,5.55,0.73,5.56,15.65,18.47,66.67,8.84,7.25,11.09,4.45,1.73,0.28,3.13,4.65,2.62,0.52,0.56,7.07,1.77,1.05,0.08,0.12,1.92,0.05,3.08,2.72,0.57,0.06,2.1,2.24,0.69,2.23,2.96,5.49,0.05,1.74,0.41,0.96,4.03,1.7
2019_Ply_LP 6 Late_38_N18-1513_3_NIR-12000,1/8/2020,11:40 AM,,,6.63,42.57,23.29,5.41,0.24,5.59,15.02,18.48,63.39,7.05,10.16,10.97,4.48,1.73,0.29,3.12,4.65,2.62,0.54,0.59,7.03,1.76,1.04,0.07,0.12,1.91,0.04,3.09,2.73,0.58,0.06,2.09,2.26,0.68,2.24,2.99,4.94,0.05,1.74,0.41,0.95,4.03,1.53
2019_Ply_LP 6 Late_39_N18-1332_1_NIR-12001,1/8/2020,11:40 AM,,,6.43,40.46,24.69,5.67,0,5.77,15.5,18.92,59.83,7.23,13.69,10.83,4.42,1.65,0.3,2.85,4.38,2.49,0.54,0.6,6.57,1.67,0.99,0.08,0.12,1.8,0.04,2.9,2.58,0.56,0.05,1.96,2.17,0.7,2.16,3.13,4.99,0.05,1.67,0.4,0.9,3.93,1.67
2019_Ply_LP 6 Late_39_N18-1332_2_NIR-12002,1/8/2020,11:40 AM,,,6.53,39.05,25.28,5.69,0.24,5.8,15.28,18.7,62.56,8.3,10.79,11.52,4.34,1.62,0.26,2.73,4.23,2.43,0.52,0.57,6.29,1.63,0.96,0.08,0.12,1.77,0.05,2.83,2.54,0.55,0.05,1.9,2.1,0.76,2.09,3.22,5.93,0.05,1.63,0.4,0.86,3.89,1.49
2019_Ply_LP 6 Late_39_N18-1332_3_NIR-12003,1/8/2020,11:41 AM,,,6.41,37.08,25.59,5.63,0.39,6.06,15.87,19.23,59.75,7.88,12.94,11.75,4.47,1.55,0.26,2.54,4,2.33,0.53,0.56,5.9,1.56,0.91,0.09,0.13,1.69,0.06,2.67,2.41,0.53,0.05,1.79,2.02,0.67,2.02,3.18,5.78,0.06,1.58,0.4,0.81,3.8,1.63
2019_Ply_LP 6 Late_40_N18-1283_1_NIR-12004,1/8/2020,11:41 AM,,,7.23,43.46,22.35,5.61,0.08,5.67,14.84,18.29,61.41,8.46,11.84,11.23,4.59,1.75,0.35,3.17,4.72,2.68,0.55,0.61,7.2,1.79,1.07,0.08,0.12,1.95,0.04,3.12,2.75,0.58,0.06,2.11,2.27,0.69,2.24,2.91,5.51,0.05,1.76,0.39,0.98,4.06,1.67
2019_Ply_LP 6 Late_40_N18-1283_2_NIR-12005,1/8/2020,11:41 AM,,,7.11,41.51,22.93,5.76,0.89,5.75,14.67,18.34,57.46,8.5,15.4,11.76,4.53,1.69,0.37,2.96,4.49,2.57,0.54,0.62,6.78,1.72,1.02,0.09,0.12,1.86,0.05,2.96,2.63,0.58,0.06,1.98,2.21,0.72,2.15,3.02,5.99,0.05,1.71,0.4,0.92,3.97,1.77
2019_Ply_LP 6 Late_40_N18-1283_3_NIR-12006,1/8/2020,11:42 AM,,,7.23,40.9,23.4,5.81,0.36,6.1,15.82,18.91,57.81,8.95,14.97,11.74,4.75,1.66,0.35,2.92,4.42,2.52,0.54,0.59,6.7,1.7,1.01,0.09,0.13,1.84,0.05,2.91,2.6,0.58,0.05,1.96,2.15,0.72,2.15,3.03,5.74,0.05,1.68,0.38,0.9,3.95,1.61
2019_Ply_LP 6 Late_41_N18-1292_1_NIR-12007,1/8/2020,11:42 AM,,,7.3,42.59,22.62,5.77,0.63,5.77,15.45,19.03,60.83,9.01,11.78,11.42,4.42,1.73,0.33,3.05,4.62,2.63,0.5,0.62,7.01,1.77,1.04,0.09,0.12,1.92,0.04,3.04,2.71,0.59,0.06,2.07,2.24,0.67,2.2,2.92,5.47,0.05,1.74,0.39,0.96,4.04,1.72
2019_Ply_LP 6 Late_41_N18-1292_2_NIR-12008,1/8/2020,11:42 AM,,,7.73,43.52,22.31,5.61,0.34,5.73,15.34,18.78,58,9.46,13.63,11.98,4.79,1.75,0.36,3.19,4.65,2.66,0.52,0.61,7.16,1.79,1.07,0.09,0.13,1.93,0.05,3.09,2.73,0.59,0.06,2.11,2.28,0.66,2.24,2.92,5.22,0.05,1.77,0.39,0.98,4.06,1.4
2019_Ply_LP 6 Late_41_N18-1292_3_NIR-12009,1/8/2020,11:42 AM,,,7.34,42,23.61,5.67,0.99,5.74,16.31,19.03,59.47,9,12.79,11.57,4.59,1.7,0.34,3.03,4.54,2.57,0.51,0.59,6.92,1.75,1.03,0.09,0.13,1.89,0.04,3,2.66,0.57,0.05,2.06,2.21,0.71,2.2,2.96,5.32,0.05,1.72,0.4,0.94,4.01,1.7
2019_Ply_LP 6 Late_42_N18-1530_1_NIR-12010,1/8/2020,11:43 AM,,,7.4,43.68,22.5,5.66,0.54,5.65,15.36,18.46,60.64,8.49,14.32,10.83,4.64,1.75,0.37,3.16,4.72,2.67,0.55,0.61,7.21,1.79,1.06,0.09,0.13,1.94,0.03,3.11,2.75,0.58,0.06,2.11,2.26,0.73,2.26,3.21,5.28,0.05,1.77,0.38,0.98,4.05,1.63
2019_Ply_LP 6 Late_42_N18-1530_2_NIR-12011,1/8/2020,11:43 AM,,,7.4,45.1,21.89,5.68,-0.12,5.58,15.11,18.65,61.17,8.24,14.48,10.4,4.56,1.8,0.38,3.33,4.9,2.75,0.57,0.63,7.49,1.85,1.1,0.08,0.12,2.01,0.03,3.22,2.84,0.59,0.06,2.18,2.34,0.74,2.33,3.15,5.4,0.05,1.81,0.38,1.03,4.12,1.71
2019_Ply_LP 6 Late_42_N18-1530_3_NIR-12012,1/8/2020,11:43 AM,,,7.56,44.32,22.67,5.66,0.11,5.56,15.67,18.4,58.4,8.02,15.77,10.75,4.78,1.77,0.39,3.25,4.78,2.69,0.58,0.62,7.35,1.82,1.08,0.09,0.12,1.97,0.05,3.16,2.77,0.58,0.06,2.14,2.3,0.74,2.29,3.07,5.22,0.05,1.78,0.39,1,4.08,1.74
2019_Ply_LP 6 Late_43_N18-1359_1_NIR-12013,1/8/2020,11:44 AM,,,7.26,45.17,21.06,5.51,0.19,5.35,15.65,18.81,60.2,9.35,13.13,12.02,4.73,1.79,0.36,3.34,4.83,2.75,0.58,0.61,7.46,1.84,1.08,0.09,0.12,1.99,0.03,3.21,2.82,0.6,0.06,2.18,2.32,0.88,2.3,3.12,5.6,0.05,1.79,0.39,1.02,4.11,1.44
2019_Ply_LP 6 Late_43_N18-1359_2_NIR-12014,1/8/2020,11:44 AM,,,7.46,44.44,21.09,5.55,0.91,5.39,14.33,18.19,61.33,9.45,10.84,12.18,4.97,1.77,0.35,3.27,4.75,2.7,0.55,0.61,7.32,1.82,1.07,0.08,0.12,1.94,0.03,3.16,2.78,0.6,0.06,2.13,2.29,0.77,2.26,3.03,5.85,0.04,1.78,0.4,0.99,4.09,1.56
2019_Ply_LP 6 Late_43_N18-1359_3_NIR-12015,1/8/2020,11:44 AM,,,7.67,43.46,21.36,5.58,0.55,5.72,14.37,18.31,60.94,9.44,12.36,12.06,4.85,1.75,0.34,3.19,4.67,2.65,0.57,0.61,7.16,1.8,1.05,0.08,0.12,1.91,0.05,3.09,2.74,0.59,0.06,2.07,2.25,0.86,2.22,3.11,5.66,0.04,1.74,0.4,0.97,4.05,1.44
2019_Ply_LP 6 Late_44_N18-1545_1_NIR-12016,1/8/2020,11:44 AM,,,7.53,44.16,21.37,5.61,0.86,5.58,15.55,18.67,59.98,9.09,14.27,11.66,4.72,1.75,0.36,3.21,4.72,2.69,0.57,0.62,7.26,1.81,1.06,0.08,0.12,1.93,0.04,3.12,2.77,0.6,0.06,2.09,2.28,0.84,2.27,3.1,5.4,0.04,1.76,0.39,0.99,4.06,1.66
2019_Ply_LP 6 Late_44_N18-1545_2_NIR-12017,1/8/2020,11:45 AM,,,7.4,39.95,22.67,5.59,1.2,6.11,15.9,18.81,60.47,9.56,13,11.43,4.87,1.63,0.33,2.83,4.27,2.47,0.53,0.58,6.48,1.66,0.98,0.09,0.13,1.78,0.04,2.84,2.55,0.56,0.05,1.9,2.1,0.85,2.11,2.86,5.69,0.05,1.64,0.37,0.87,3.9,1.5
2019_Ply_LP 6 Late_44_N18-1545_3_NIR-12018,1/8/2020,11:45 AM,,,7.51,41.83,22.01,5.59,0.54,5.96,15.86,18.55,60.16,9.32,12.98,11.62,4.9,1.68,0.34,3,4.48,2.57,0.55,0.58,6.85,1.73,1,0.08,0.13,1.83,0.02,2.97,2.64,0.58,0.06,1.97,2.16,0.82,2.18,3.05,5.71,0.05,1.69,0.38,0.91,3.97,1.63
2019_Ply_LP 6 Late_45_N18-1472_1_NIR-12019,1/8/2020,11:45 AM,,,7.64,44.58,22.2,5.56,0.55,5.46,14.47,18.07,60.3,8.7,13.56,10.98,4.76,1.78,0.36,3.26,4.81,2.72,0.58,0.6,7.37,1.84,1.08,0.09,0.12,1.97,0.02,3.18,2.81,0.6,0.06,2.13,2.29,0.79,2.29,2.77,5.17,0.05,1.78,0.4,1,4.1,1.66
2019_Ply_LP 6 Late_45_N18-1472_2_NIR-12020,1/8/2020,11:45 AM,,,7.31,44.41,22.05,5.39,0.76,5.5,14.61,18.06,60.63,7.48,13.82,11.09,4.53,1.78,0.37,3.32,4.86,2.72,0.59,0.59,7.47,1.83,1.08,0.08,0.12,2,0.03,3.2,2.82,0.59,0.06,2.18,2.31,0.75,2.28,2.9,5.72,0.05,1.77,0.39,0.99,4.12,1.74
2019_Ply_LP 6 Late_45_N18-1472_3_NIR-12021,1/8/2020,11:46 AM,,,6.8,43.76,22.12,5.3,0.84,5.47,14.51,18.48,61.17,7.98,13.15,11.11,4.56,1.76,0.35,3.25,4.77,2.68,0.58,0.6,7.31,1.8,1.07,0.07,0.12,1.96,0.03,3.17,2.79,0.59,0.06,2.15,2.3,0.7,2.26,2.84,5.81,0.05,1.77,0.41,0.99,4.09,1.74
2019_Ply_LP 6 Late_46_N18-1521_1_NIR-12022,1/8/2020,11:46 AM,,,7.44,48.72,19.89,5.69,-0.56,5.39,15.29,18.47,60.9,9.02,12.48,11.43,4.36,1.91,0.37,3.71,5.3,2.95,0.57,0.64,8.28,1.96,1.17,0.08,0.11,2.19,0.01,3.49,3.04,0.63,0.06,2.37,2.5,0.76,2.47,3.1,5.29,0.04,1.9,0.41,1.11,4.31,1.67
2019_Ply_LP 6 Late_46_N18-1521_2_NIR-12023,1/8/2020,11:46 AM,,,7.18,47.29,20.7,5.6,0.19,5.72,14.99,18.43,59.47,8.69,15.02,11.42,4.34,1.85,0.38,3.5,5.1,2.86,0.57,0.63,7.9,1.92,1.13,0.08,0.12,2.09,0.02,3.37,2.94,0.61,0.06,2.27,2.4,0.8,2.39,3.05,5.61,0.04,1.85,0.39,1.06,4.21,1.52
2019_Ply_LP 6 Late_46_N18-1521_3_NIR-12024,1/8/2020,11:46 AM,,,7.7,47.51,20.71,5.84,-0.12,5.58,15.72,18.72,60.35,8.99,15.12,11.47,4.57,1.86,0.39,3.54,5.15,2.88,0.6,0.64,7.97,1.93,1.14,0.09,0.13,2.09,0.02,3.36,2.96,0.63,0.06,2.28,2.43,1.05,2.4,2.6,6.05,0.04,1.85,0.4,1.08,4.2,1.49
2019_Ply_LP 6 Late_47_N18-1330_1_NIR-12025,1/8/2020,11:47 AM,,,6.94,41.41,24.52,5.44,0.76,5.66,15.37,18.05,63.87,7.16,10.09,11.07,4.28,1.68,0.3,2.94,4.46,2.56,0.53,0.57,6.71,1.73,1,0.08,0.12,1.86,0.05,2.99,2.65,0.56,0.06,2.04,2.23,0.6,2.18,2.92,4.92,0.05,1.7,0.41,0.92,3.97,1.75
2019_Ply_LP 6 Late_47_N18-1330_2_NIR-12026,1/8/2020,11:47 AM,,,6.85,41.42,24.52,5.54,0.41,5.67,15.3,18.36,62.73,7.28,11.37,10.98,4.27,1.68,0.31,2.93,4.46,2.57,0.54,0.58,6.72,1.73,1.01,0.08,0.12,1.86,0.05,2.98,2.65,0.56,0.06,2.02,2.2,0.62,2.18,2.89,5.09,0.05,1.71,0.4,0.92,3.96,1.66
2019_Ply_LP 6 Late_47_N18-1330_3_NIR-12027,1/8/2020,11:47 AM,,,6.69,40.66,25.18,5.53,1.04,5.6,15.74,18.48,63.41,7.21,10.77,11.5,4.49,1.65,0.29,2.84,4.39,2.52,0.54,0.59,6.56,1.71,0.99,0.08,0.12,1.82,0.05,2.92,2.61,0.57,0.06,1.98,2.18,0.59,2.16,2.97,4.88,0.05,1.68,0.41,0.9,3.91,1.78
2019_Ply_LP 6 Late_48_Dunphy_1_NIR-12028,1/8/2020,11:47 AM,,,7.44,40.82,22.58,5.56,1.13,6.1,15.21,19.17,55.5,9.76,14.65,12.71,4.89,1.66,0.33,2.92,4.34,2.52,0.51,0.57,6.62,1.7,0.99,0.09,0.13,1.8,0.04,2.91,2.59,0.56,0.05,1.96,2.14,0.77,2.12,2.68,5.47,0.05,1.69,0.38,0.89,3.94,1.41
2019_Ply_LP 6 Late_48_Dunphy_2_NIR-12029,1/8/2020,11:48 AM,,,7.75,40.8,22.31,5.57,1.43,6.19,15.99,18.93,59.28,10.08,10.44,12.87,4.93,1.66,0.33,2.92,4.33,2.51,0.51,0.58,6.58,1.7,0.99,0.09,0.13,1.8,0.05,2.89,2.59,0.56,0.05,1.96,2.14,0.83,2.13,2.69,5.4,0.05,1.67,0.38,0.89,3.92,1.39
2019_Ply_LP 6 Late_48_Dunphy_3_NIR-12030,1/8/2020,11:48 AM,,,7.45,40.43,22.56,5.53,1.96,6.26,15.54,18.54,61.14,9.8,10.04,12.4,5.04,1.66,0.33,2.9,4.34,2.48,0.5,0.56,6.54,1.68,0.99,0.08,0.13,1.81,0.04,2.89,2.58,0.56,0.05,1.96,2.12,0.8,2.11,2.68,5.52,0.04,1.66,0.38,0.88,3.93,1.55
2019_Ply_LP 6 Late_49_Dilday_1_NIR-12031,1/8/2020,11:48 AM,,,7.35,39.7,23.6,5.34,1.4,5.87,15.25,18.3,65.51,8.45,7.72,12.28,4.25,1.63,0.27,2.83,4.27,2.44,0.51,0.54,6.45,1.66,0.96,0.07,0.12,1.79,0.05,2.87,2.53,0.53,0.05,1.95,2.13,0.65,2.07,2.89,5.76,0.05,1.65,0.39,0.86,3.93,1.82
2019_Ply_LP 6 Late_49_Dilday_2_NIR-12032,1/8/2020,11:48 AM,,,7.6,40.94,23.16,5.43,1.48,6.05,15.82,18.17,64.99,9.61,7.45,11.88,4.87,1.66,0.29,2.94,4.36,2.48,0.51,0.53,6.64,1.7,0.99,0.07,0.12,1.84,0.03,2.92,2.59,0.54,0.06,2,2.14,0.87,2.14,2.72,5.68,0.05,1.66,0.4,0.88,3.95,1.72
2019_Ply_LP 6 Late_49_Dilday_3_NIR-12033,1/8/2020,11:49 AM,,,7.23,38.81,23.76,5.51,1.27,6.17,15.35,18.36,63.01,9.21,9.51,12.62,4.31,1.59,0.27,2.74,4.16,2.38,0.48,0.55,6.25,1.62,0.94,0.07,0.12,1.75,0.03,2.77,2.47,0.53,0.05,1.89,2.06,0.74,2.03,3.25,6.26,0.05,1.61,0.39,0.82,3.88,1.67
2019_Ply_LP 6 Late_50_N11-352_1_NIR-12034,1/8/2020,11:49 AM,,,6.87,41.65,22.99,5.49,0.61,5.81,14.73,18.51,62.64,8.45,10.69,11.81,4.4,1.69,0.3,3.02,4.51,2.57,0.52,0.58,6.82,1.73,1.02,0.07,0.12,1.88,0.05,3.01,2.67,0.56,0.06,2.04,2.22,0.65,2.17,2.85,5.63,0.05,1.72,0.39,0.93,4,1.63
2019_Ply_LP 6 Late_50_N11-352_2_NIR-12035,1/8/2020,11:49 AM,,,6.94,41.62,22.99,5.6,-0.12,5.69,14.85,18.6,60.76,8.76,11.88,11.91,4.52,1.69,0.32,3.02,4.49,2.57,0.52,0.59,6.82,1.73,1.03,0.08,0.12,1.87,0.05,2.99,2.66,0.57,0.06,2.03,2.21,0.65,2.17,2.91,5.73,0.05,1.72,0.41,0.93,4,1.63
2019_Ply_LP 6 Late_50_N11-352_3_NIR-12036,1/8/2020,11:49 AM,,,6.94,42.23,22.22,5.63,0.37,5.71,14.98,18.81,62.46,8.92,10.66,11.66,4.5,1.7,0.31,3.05,4.55,2.61,0.52,0.6,6.92,1.75,1.03,0.08,0.12,1.89,0.05,3.04,2.69,0.57,0.06,2.04,2.23,0.65,2.19,2.83,5.77,0.05,1.73,0.38,0.94,4.03,1.55
,,,,Average:,7.11,42.43,22.90,5.56,0.73,5.71,15.02,18.50,61.45,8.47,11.64,11.67,4.64,1.71,0.33,3.07,4.58,2.61,0.54,0.59,6.97,1.76,1.03,0.08,0.12,1.89,0.04,3.04,2.69,0.58,0.06,2.06,2.23,0.71,2.20,2.97,5.48,0.05,1.73,0.40,0.94,4.01,1.65

